{
    "type":  "Feature",
    "properties":  {
                       "Name":  "Ayancik",
                       "description":  "District",
                       "timestamp":  null,
                       "begin":  null,
                       "end":  null,
                       "altitudeMode":  null,
                       "tessellate":  -1,
                       "extrude":  0,
                       "visibility":  1,
                       "drawOrder":  null,
                       "icon":  null
                   },
    "geometry":  {
                     "type":  "MultiPolygon",
                     "coordinates":  [
                                         [
                                             [
                                                 [
                                                     34.794517517089801,
                                                     41.680080413818501
                                                 ],
                                                 [
                                                     34.779582977294901,
                                                     41.680461883545
                                                 ],
                                                 [
                                                     34.768424987792997,
                                                     41.680309295654403
                                                 ],
                                                 [
                                                     34.761123657226499,
                                                     41.679798126220703
                                                 ],
                                                 [
                                                     34.754043579101698,
                                                     41.678722381591903
                                                 ],
                                                 [
                                                     34.747581481933501,
                                                     41.676872253417997
                                                 ],
                                                 [
                                                     34.733280181884801,
                                                     41.6707992553712
                                                 ],
                                                 [
                                                     34.712810516357401,
                                                     41.663787841797003
                                                 ],
                                                 [
                                                     34.707275390625099,
                                                     41.662399291992202
                                                 ],
                                                 [
                                                     34.7013969421387,
                                                     41.662342071533303
                                                 ],
                                                 [
                                                     34.695785522461001,
                                                     41.663627624511697
                                                 ],
                                                 [
                                                     34.675014495849602,
                                                     41.670410156250099
                                                 ],
                                                 [
                                                     34.669338226318402,
                                                     41.672966003418097
                                                 ],
                                                 [
                                                     34.653694152832102,
                                                     41.68119430542
                                                 ],
                                                 [
                                                     34.6494140625,
                                                     41.684341430664098
                                                 ],
                                                 [
                                                     34.647922515869098,
                                                     41.686241149902401
                                                 ],
                                                 [
                                                     34.643730163574297,
                                                     41.696479797363303
                                                 ],
                                                 [
                                                     34.640674591064403,
                                                     41.70023727417
                                                 ],
                                                 [
                                                     34.638221740722699,
                                                     41.701675415039098
                                                 ],
                                                 [
                                                     34.635444641113303,
                                                     41.702644348144602
                                                 ],
                                                 [
                                                     34.632572174072301,
                                                     41.7031860351563
                                                 ],
                                                 [
                                                     34.626628875732401,
                                                     41.703201293945398
                                                 ],
                                                 [
                                                     34.6208686828613,
                                                     41.701698303222699
                                                 ],
                                                 [
                                                     34.618312835693501,
                                                     41.700244903564503
                                                 ],
                                                 [
                                                     34.616344451904403,
                                                     41.698379516601598
                                                 ],
                                                 [
                                                     34.614013671875099,
                                                     41.694129943847798
                                                 ],
                                                 [
                                                     34.609882354736399,
                                                     41.68217086792
                                                 ],
                                                 [
                                                     34.606971740722798,
                                                     41.677650451660199
                                                 ],
                                                 [
                                                     34.599296569824297,
                                                     41.668979644775398
                                                 ],
                                                 [
                                                     34.593891143798899,
                                                     41.670627593994098
                                                 ],
                                                 [
                                                     34.5889701843263,
                                                     41.672958374023601
                                                 ],
                                                 [
                                                     34.585147857666101,
                                                     41.676364898681598
                                                 ],
                                                 [
                                                     34.577690124511697,
                                                     41.684616088867102
                                                 ],
                                                 [
                                                     34.572967529296903,
                                                     41.688850402832003
                                                 ],
                                                 [
                                                     34.565082550048899,
                                                     41.694934844970803
                                                 ],
                                                 [
                                                     34.556369781494098,
                                                     41.700283050537202
                                                 ],
                                                 [
                                                     34.550113677978501,
                                                     41.703014373779197
                                                 ],
                                                 [
                                                     34.537757873535298,
                                                     41.707511901855497
                                                 ],
                                                 [
                                                     34.5234184265137,
                                                     41.713825225830099
                                                 ],
                                                 [
                                                     34.510684967041101,
                                                     41.718017578125
                                                 ],
                                                 [
                                                     34.4991645812988,
                                                     41.7227554321288
                                                 ],
                                                 [
                                                     34.493095397949297,
                                                     41.724838256836101
                                                 ],
                                                 [
                                                     34.485530853271499,
                                                     41.726325988769602
                                                 ],
                                                 [
                                                     34.473659515380902,
                                                     41.727241516113303
                                                 ],
                                                 [
                                                     34.432945251464901,
                                                     41.727329254150398
                                                 ],
                                                 [
                                                     34.416942596435497,
                                                     41.7280502319337
                                                 ],
                                                 [
                                                     34.405567169189503,
                                                     41.729976654052699
                                                 ],
                                                 [
                                                     34.390830993652401,
                                                     41.735301971435497
                                                 ],
                                                 [
                                                     34.380977630615298,
                                                     41.737678527832003
                                                 ],
                                                 [
                                                     34.373863220214901,
                                                     41.738536834716797
                                                 ],
                                                 [
                                                     34.340881347656399,
                                                     41.741111755371101
                                                 ],
                                                 [
                                                     34.345077514648601,
                                                     41.7560424804688
                                                 ],
                                                 [
                                                     34.347114562988303,
                                                     41.761325836181797
                                                 ],
                                                 [
                                                     34.356166839599602,
                                                     41.7749214172363
                                                 ],
                                                 [
                                                     34.361854553222699,
                                                     41.784721374511797
                                                 ],
                                                 [
                                                     34.363739013671903,
                                                     41.787155151367202
                                                 ],
                                                 [
                                                     34.368160247802699,
                                                     41.791774749755902
                                                 ],
                                                 [
                                                     34.373138427734503,
                                                     41.796169281005902
                                                 ],
                                                 [
                                                     34.403060913086101,
                                                     41.819347381591903
                                                 ],
                                                 [
                                                     34.4130859375,
                                                     41.828132629394602
                                                 ],
                                                 [
                                                     34.417175292968899,
                                                     41.832901000976598
                                                 ],
                                                 [
                                                     34.422939300537202,
                                                     41.842617034912202
                                                 ],
                                                 [
                                                     34.430107116699297,
                                                     41.853584289550902
                                                 ],
                                                 [
                                                     34.431694030761797,
                                                     41.858566284179602
                                                 ],
                                                 [
                                                     34.431606292724702,
                                                     41.863826751708999
                                                 ],
                                                 [
                                                     34.429920196533097,
                                                     41.868709564209098
                                                 ],
                                                 [
                                                     34.424427032470703,
                                                     41.877433776855597
                                                 ],
                                                 [
                                                     34.422126770019602,
                                                     41.882286071777401
                                                 ],
                                                 [
                                                     34.4207153320312,
                                                     41.887680053711001
                                                 ],
                                                 [
                                                     34.419937133789098,
                                                     41.893287658691399
                                                 ],
                                                 [
                                                     34.419391632080199,
                                                     41.904796600341903
                                                 ],
                                                 [
                                                     34.419540405273402,
                                                     41.916439056396598
                                                 ],
                                                 [
                                                     34.420047760009801,
                                                     41.925182342529403
                                                 ],
                                                 [
                                                     34.421398162841797,
                                                     41.936225891113303
                                                 ],
                                                 [
                                                     34.420944213867202,
                                                     41.936233520507798
                                                 ],
                                                 [
                                                     34.422485351562599,
                                                     41.946769714355497
                                                 ],
                                                 [
                                                     34.426319122314503,
                                                     41.963470458984297
                                                 ],
                                                 [
                                                     34.426807403564602,
                                                     41.963470458984297
                                                 ],
                                                 [
                                                     34.426807403564602,
                                                     41.963748931884702
                                                 ],
                                                 [
                                                     34.428195953369098,
                                                     41.963748931884702
                                                 ],
                                                 [
                                                     34.428195953369098,
                                                     41.964027404785298
                                                 ],
                                                 [
                                                     34.429027557372997,
                                                     41.964027404785298
                                                 ],
                                                 [
                                                     34.429027557372997,
                                                     41.964305877685703
                                                 ],
                                                 [
                                                     34.429306030273402,
                                                     41.964305877685703
                                                 ],
                                                 [
                                                     34.429306030273402,
                                                     41.964584350586101
                                                 ],
                                                 [
                                                     34.429862976074197,
                                                     41.964584350586101
                                                 ],
                                                 [
                                                     34.429862976074197,
                                                     41.964862823486399
                                                 ],
                                                 [
                                                     34.430416107177798,
                                                     41.964862823486399
                                                 ],
                                                 [
                                                     34.430416107177798,
                                                     41.965137481689503
                                                 ],
                                                 [
                                                     34.430973052978601,
                                                     41.965137481689503
                                                 ],
                                                 [
                                                     34.430973052978601,
                                                     41.965415954589801
                                                 ],
                                                 [
                                                     34.4318046569825,
                                                     41.965415954589801
                                                 ],
                                                 [
                                                     34.4318046569825,
                                                     41.965694427490199
                                                 ],
                                                 [
                                                     34.432361602783303,
                                                     41.965694427490199
                                                 ],
                                                 [
                                                     34.432361602783303,
                                                     41.965972900390597
                                                 ],
                                                 [
                                                     34.433750152587898,
                                                     41.965972900390597
                                                 ],
                                                 [
                                                     34.433750152587898,
                                                     41.966251373291001
                                                 ],
                                                 [
                                                     34.434307098388601,
                                                     41.966251373291001
                                                 ],
                                                 [
                                                     34.434307098388601,
                                                     41.966526031494197
                                                 ],
                                                 [
                                                     34.436805725097699,
                                                     41.966526031494197
                                                 ],
                                                 [
                                                     34.436805725097699,
                                                     41.966251373291001
                                                 ],
                                                 [
                                                     34.437915802002102,
                                                     41.966251373291001
                                                 ],
                                                 [
                                                     34.437915802002102,
                                                     41.965972900390597
                                                 ],
                                                 [
                                                     34.4381942749025,
                                                     41.965972900390597
                                                 ],
                                                 [
                                                     34.4381942749025,
                                                     41.965694427490199
                                                 ],
                                                 [
                                                     34.438472747802798,
                                                     41.965694427490199
                                                 ],
                                                 [
                                                     34.438472747802798,
                                                     41.965415954589801
                                                 ],
                                                 [
                                                     34.438751220703203,
                                                     41.965415954589801
                                                 ],
                                                 [
                                                     34.438751220703203,
                                                     41.964584350586101
                                                 ],
                                                 [
                                                     34.438472747802798,
                                                     41.964584350586101
                                                 ],
                                                 [
                                                     34.438472747802798,
                                                     41.964305877685703
                                                 ],
                                                 [
                                                     34.438751220703203,
                                                     41.964305877685703
                                                 ],
                                                 [
                                                     34.438751220703203,
                                                     41.963748931884702
                                                 ],
                                                 [
                                                     34.4390258789062,
                                                     41.963748931884702
                                                 ],
                                                 [
                                                     34.4390258789062,
                                                     41.963470458984297
                                                 ],
                                                 [
                                                     34.439304351806598,
                                                     41.963470458984297
                                                 ],
                                                 [
                                                     34.439304351806598,
                                                     41.9631958007813
                                                 ],
                                                 [
                                                     34.442081451416101,
                                                     41.9631958007813
                                                 ],
                                                 [
                                                     34.442081451416101,
                                                     41.962917327880902
                                                 ],
                                                 [
                                                     34.443748474121001,
                                                     41.962917327880902
                                                 ],
                                                 [
                                                     34.443748474121001,
                                                     41.9631958007813
                                                 ],
                                                 [
                                                     34.444862365722798,
                                                     41.9631958007813
                                                 ],
                                                 [
                                                     34.444862365722798,
                                                     41.963470458984297
                                                 ],
                                                 [
                                                     34.446250915527301,
                                                     41.963470458984297
                                                 ],
                                                 [
                                                     34.446250915527301,
                                                     41.963748931884702
                                                 ],
                                                 [
                                                     34.446529388427699,
                                                     41.963748931884702
                                                 ],
                                                 [
                                                     34.446529388427699,
                                                     41.964027404785298
                                                 ],
                                                 [
                                                     34.4470825195313,
                                                     41.964027404785298
                                                 ],
                                                 [
                                                     34.4470825195313,
                                                     41.964305877685703
                                                 ],
                                                 [
                                                     34.447360992431697,
                                                     41.964305877685703
                                                 ],
                                                 [
                                                     34.447360992431697,
                                                     41.964862823486399
                                                 ],
                                                 [
                                                     34.447639465332102,
                                                     41.964862823486399
                                                 ],
                                                 [
                                                     34.447639465332102,
                                                     41.965137481689503
                                                 ],
                                                 [
                                                     34.448192596435703,
                                                     41.965137481689503
                                                 ],
                                                 [
                                                     34.448192596435703,
                                                     41.965415954589801
                                                 ],
                                                 [
                                                     34.448749542236399,
                                                     41.965415954589801
                                                 ],
                                                 [
                                                     34.448749542236399,
                                                     41.965694427490199
                                                 ],
                                                 [
                                                     34.449584960937599,
                                                     41.965694427490199
                                                 ],
                                                 [
                                                     34.449584960937599,
                                                     41.965415954589801
                                                 ],
                                                 [
                                                     34.452362060546903,
                                                     41.965415954589801
                                                 ],
                                                 [
                                                     34.452362060546903,
                                                     41.965694427490199
                                                 ],
                                                 [
                                                     34.453193664550803,
                                                     41.965694427490199
                                                 ],
                                                 [
                                                     34.453193664550803,
                                                     41.965972900390597
                                                 ],
                                                 [
                                                     34.4534721374512,
                                                     41.965972900390597
                                                 ],
                                                 [
                                                     34.4534721374512,
                                                     41.965694427490199
                                                 ],
                                                 [
                                                     34.453750610351598,
                                                     41.965694427490199
                                                 ],
                                                 [
                                                     34.453750610351598,
                                                     41.965415954589801
                                                 ],
                                                 [
                                                     34.454303741455199,
                                                     41.965415954589801
                                                 ],
                                                 [
                                                     34.454303741455199,
                                                     41.965694427490199
                                                 ],
                                                 [
                                                     34.456249237060497,
                                                     41.965694427490199
                                                 ],
                                                 [
                                                     34.456249237060497,
                                                     41.965415954589801
                                                 ],
                                                 [
                                                     34.457359313964901,
                                                     41.965415954589801
                                                 ],
                                                 [
                                                     34.457359313964901,
                                                     41.965137481689503
                                                 ],
                                                 [
                                                     34.457916259765597,
                                                     41.965137481689503
                                                 ],
                                                 [
                                                     34.457916259765597,
                                                     41.965415954589801
                                                 ],
                                                 [
                                                     34.458751678466797,
                                                     41.965415954589801
                                                 ],
                                                 [
                                                     34.458751678466797,
                                                     41.965694427490199
                                                 ],
                                                 [
                                                     34.464584350585902,
                                                     41.965694427490199
                                                 ],
                                                 [
                                                     34.464584350585902,
                                                     41.965972900390597
                                                 ],
                                                 [
                                                     34.467082977295,
                                                     41.965972900390597
                                                 ],
                                                 [
                                                     34.467082977295,
                                                     41.966251373291001
                                                 ],
                                                 [
                                                     34.467361450195398,
                                                     41.966251373291001
                                                 ],
                                                 [
                                                     34.467361450195398,
                                                     41.966526031494197
                                                 ],
                                                 [
                                                     34.4679183959962,
                                                     41.966526031494197
                                                 ],
                                                 [
                                                     34.4679183959962,
                                                     41.966804504394602
                                                 ],
                                                 [
                                                     34.46875,
                                                     41.966804504394602
                                                 ],
                                                 [
                                                     34.46875,
                                                     41.967082977295
                                                 ],
                                                 [
                                                     34.470138549804702,
                                                     41.967082977295
                                                 ],
                                                 [
                                                     34.470138549804702,
                                                     41.966804504394602
                                                 ],
                                                 [
                                                     34.472362518310597,
                                                     41.966804504394602
                                                 ],
                                                 [
                                                     34.472362518310597,
                                                     41.966526031494197
                                                 ],
                                                 [
                                                     34.473472595215,
                                                     41.966526031494197
                                                 ],
                                                 [
                                                     34.473472595215,
                                                     41.966251373291001
                                                 ],
                                                 [
                                                     34.473751068115298,
                                                     41.966251373291001
                                                 ],
                                                 [
                                                     34.473751068115298,
                                                     41.965972900390597
                                                 ],
                                                 [
                                                     34.476806640625,
                                                     41.965972900390597
                                                 ],
                                                 [
                                                     34.476806640625,
                                                     41.966251373291001
                                                 ],
                                                 [
                                                     34.477085113525398,
                                                     41.966251373291001
                                                 ],
                                                 [
                                                     34.477085113525398,
                                                     41.966526031494197
                                                 ],
                                                 [
                                                     34.477638244628999,
                                                     41.966526031494197
                                                 ],
                                                 [
                                                     34.477638244628999,
                                                     41.966804504394602
                                                 ],
                                                 [
                                                     34.478473663330099,
                                                     41.966804504394602
                                                 ],
                                                 [
                                                     34.478473663330099,
                                                     41.967082977295
                                                 ],
                                                 [
                                                     34.479026794433501,
                                                     41.967082977295
                                                 ],
                                                 [
                                                     34.479026794433501,
                                                     41.967361450195398
                                                 ],
                                                 [
                                                     34.479305267334098,
                                                     41.967361450195398
                                                 ],
                                                 [
                                                     34.479305267334098,
                                                     41.967639923095803
                                                 ],
                                                 [
                                                     34.480140686035298,
                                                     41.967639923095803
                                                 ],
                                                 [
                                                     34.480140686035298,
                                                     41.967918395996101
                                                 ],
                                                 [
                                                     34.480415344238303,
                                                     41.967918395996101
                                                 ],
                                                 [
                                                     34.480415344238303,
                                                     41.968193054199297
                                                 ],
                                                 [
                                                     34.480972290039098,
                                                     41.968193054199297
                                                 ],
                                                 [
                                                     34.480972290039098,
                                                     41.968471527099702
                                                 ],
                                                 [
                                                     34.481250762939503,
                                                     41.968471527099702
                                                 ],
                                                 [
                                                     34.481250762939503,
                                                     41.970417022705199
                                                 ],
                                                 [
                                                     34.482639312744197,
                                                     41.970417022705199
                                                 ],
                                                 [
                                                     34.482639312744197,
                                                     41.970138549804602
                                                 ],
                                                 [
                                                     34.483470916748203,
                                                     41.970138549804602
                                                 ],
                                                 [
                                                     34.483470916748203,
                                                     41.970417022705199
                                                 ],
                                                 [
                                                     34.484027862548899,
                                                     41.970417022705199
                                                 ],
                                                 [
                                                     34.484027862548899,
                                                     41.970695495605597
                                                 ],
                                                 [
                                                     34.484584808349702,
                                                     41.970695495605597
                                                 ],
                                                 [
                                                     34.484584808349702,
                                                     41.970973968506001
                                                 ],
                                                 [
                                                     34.484859466552699,
                                                     41.970973968506001
                                                 ],
                                                 [
                                                     34.484859466552699,
                                                     41.971248626708999
                                                 ],
                                                 [
                                                     34.485416412353501,
                                                     41.971248626708999
                                                 ],
                                                 [
                                                     34.485416412353501,
                                                     41.971527099609403
                                                 ],
                                                 [
                                                     34.485694885253999,
                                                     41.971527099609403
                                                 ],
                                                 [
                                                     34.485694885253999,
                                                     41.972362518310497
                                                 ],
                                                 [
                                                     34.485973358154403,
                                                     41.972362518310497
                                                 ],
                                                 [
                                                     34.485973358154403,
                                                     41.972915649414098
                                                 ],
                                                 [
                                                     34.486251831054801,
                                                     41.972915649414098
                                                 ],
                                                 [
                                                     34.486251831054801,
                                                     41.973472595214901
                                                 ],
                                                 [
                                                     34.486804962158203,
                                                     41.973472595214901
                                                 ],
                                                 [
                                                     34.486804962158203,
                                                     41.973751068115298
                                                 ],
                                                 [
                                                     34.487083435058601,
                                                     41.973751068115298
                                                 ],
                                                 [
                                                     34.487083435058601,
                                                     41.974029541015703
                                                 ],
                                                 [
                                                     34.487361907958999,
                                                     41.974029541015703
                                                 ],
                                                 [
                                                     34.487361907958999,
                                                     41.974304199218899
                                                 ],
                                                 [
                                                     34.487640380859403,
                                                     41.974304199218899
                                                 ],
                                                 [
                                                     34.487640380859403,
                                                     41.974861145019602
                                                 ],
                                                 [
                                                     34.487915039062599,
                                                     41.974861145019602
                                                 ],
                                                 [
                                                     34.487915039062599,
                                                     41.97513961792
                                                 ],
                                                 [
                                                     34.488193511962898,
                                                     41.97513961792
                                                 ],
                                                 [
                                                     34.488193511962898,
                                                     41.975418090820398
                                                 ],
                                                 [
                                                     34.488471984863303,
                                                     41.975418090820398
                                                 ],
                                                 [
                                                     34.488471984863303,
                                                     41.9759712219238
                                                 ],
                                                 [
                                                     34.4887504577637,
                                                     41.9759712219238
                                                 ],
                                                 [
                                                     34.4887504577637,
                                                     41.976528167724602
                                                 ],
                                                 [
                                                     34.489582061767699,
                                                     41.976528167724602
                                                 ],
                                                 [
                                                     34.489582061767699,
                                                     41.976806640625099
                                                 ],
                                                 [
                                                     34.490695953369197,
                                                     41.976806640625099
                                                 ],
                                                 [
                                                     34.490695953369197,
                                                     41.976528167724602
                                                 ],
                                                 [
                                                     34.491527557372997,
                                                     41.976528167724602
                                                 ],
                                                 [
                                                     34.491527557372997,
                                                     41.976249694824197
                                                 ],
                                                 [
                                                     34.493473052978501,
                                                     41.976249694824197
                                                 ],
                                                 [
                                                     34.493473052978501,
                                                     41.9759712219238
                                                 ],
                                                 [
                                                     34.494026184082102,
                                                     41.9759712219238
                                                 ],
                                                 [
                                                     34.494026184082102,
                                                     41.975692749023402
                                                 ],
                                                 [
                                                     34.494861602783303,
                                                     41.975692749023402
                                                 ],
                                                 [
                                                     34.494861602783303,
                                                     41.975418090820398
                                                 ],
                                                 [
                                                     34.495414733886797,
                                                     41.975418090820398
                                                 ],
                                                 [
                                                     34.495418548583999,
                                                     41.97513961792
                                                 ],
                                                 [
                                                     34.495971679687599,
                                                     41.97513961792
                                                 ],
                                                 [
                                                     34.495971679687599,
                                                     41.974861145019602
                                                 ],
                                                 [
                                                     34.496528625488402,
                                                     41.974861145019602
                                                 ],
                                                 [
                                                     34.496528625488402,
                                                     41.974582672119297
                                                 ],
                                                 [
                                                     34.497081756591797,
                                                     41.974582672119297
                                                 ],
                                                 [
                                                     34.497081756591797,
                                                     41.974304199218899
                                                 ],
                                                 [
                                                     34.497360229492202,
                                                     41.974304199218899
                                                 ],
                                                 [
                                                     34.497360229492202,
                                                     41.974029541015703
                                                 ],
                                                 [
                                                     34.498195648193303,
                                                     41.974029541015703
                                                 ],
                                                 [
                                                     34.498195648193303,
                                                     41.973751068115298
                                                 ],
                                                 [
                                                     34.499027252197301,
                                                     41.973751068115298
                                                 ],
                                                 [
                                                     34.499027252197301,
                                                     41.973472595214901
                                                 ],
                                                 [
                                                     34.499305725097699,
                                                     41.973472595214901
                                                 ],
                                                 [
                                                     34.499305725097699,
                                                     41.973194122314503
                                                 ],
                                                 [
                                                     34.499828338623097,
                                                     41.973194122314503
                                                 ],
                                                 [
                                                     34.499862670898402,
                                                     41.973194122314503
                                                 ],
                                                 [
                                                     34.499862670898402,
                                                     41.972915649414098
                                                 ],
                                                 [
                                                     34.500137329101598,
                                                     41.972915649414098
                                                 ],
                                                 [
                                                     34.500137329101598,
                                                     41.9726371765137
                                                 ],
                                                 [
                                                     34.500415802002003,
                                                     41.9726371765137
                                                 ],
                                                 [
                                                     34.500415802002003,
                                                     41.972362518310497
                                                 ],
                                                 [
                                                     34.500694274902401,
                                                     41.972362518310497
                                                 ],
                                                 [
                                                     34.500694274902401,
                                                     41.972084045410199
                                                 ],
                                                 [
                                                     34.500972747802798,
                                                     41.972084045410199
                                                 ],
                                                 [
                                                     34.500972747802798,
                                                     41.971805572509801
                                                 ],
                                                 [
                                                     34.501251220703203,
                                                     41.971805572509801
                                                 ],
                                                 [
                                                     34.501251220703203,
                                                     41.971527099609403
                                                 ],
                                                 [
                                                     34.501525878906399,
                                                     41.971527099609403
                                                 ],
                                                 [
                                                     34.501525878906399,
                                                     41.971248626708999
                                                 ],
                                                 [
                                                     34.501804351806797,
                                                     41.971248626708999
                                                 ],
                                                 [
                                                     34.501804351806797,
                                                     41.969066619873203
                                                 ],
                                                 [
                                                     34.501804351806797,
                                                     41.969028472900398
                                                 ],
                                                 [
                                                     34.502082824707102,
                                                     41.969028472900398
                                                 ],
                                                 [
                                                     34.502082824707102,
                                                     41.9684867858888
                                                 ],
                                                 [
                                                     34.5023612976075,
                                                     41.968471527099702
                                                 ],
                                                 [
                                                     34.5023612976075,
                                                     41.967918395996101
                                                 ],
                                                 [
                                                     34.502082824707102,
                                                     41.967918395996101
                                                 ],
                                                 [
                                                     34.502082824707102,
                                                     41.967361450195398
                                                 ],
                                                 [
                                                     34.501804351806797,
                                                     41.967361450195398
                                                 ],
                                                 [
                                                     34.501804351806797,
                                                     41.967082977295
                                                 ],
                                                 [
                                                     34.501251220703203,
                                                     41.967082977295
                                                 ],
                                                 [
                                                     34.501251220703203,
                                                     41.966804504394602
                                                 ],
                                                 [
                                                     34.500972747802798,
                                                     41.966804504394602
                                                 ],
                                                 [
                                                     34.500972747802798,
                                                     41.966526031494197
                                                 ],
                                                 [
                                                     34.500415802002003,
                                                     41.966526031494197
                                                 ],
                                                 [
                                                     34.500415802002003,
                                                     41.966251373291001
                                                 ],
                                                 [
                                                     34.500137329101598,
                                                     41.966251373291001
                                                 ],
                                                 [
                                                     34.500137329101598,
                                                     41.965972900390597
                                                 ],
                                                 [
                                                     34.499862670898402,
                                                     41.965972900390597
                                                 ],
                                                 [
                                                     34.499862670898402,
                                                     41.965694427490199
                                                 ],
                                                 [
                                                     34.499584197997997,
                                                     41.965694427490199
                                                 ],
                                                 [
                                                     34.499584197997997,
                                                     41.964862823486399
                                                 ],
                                                 [
                                                     34.499862670898402,
                                                     41.964862823486399
                                                 ],
                                                 [
                                                     34.499862670898402,
                                                     41.9631958007813
                                                 ],
                                                 [
                                                     34.500137329101598,
                                                     41.9631958007813
                                                 ],
                                                 [
                                                     34.500137329101598,
                                                     41.962638854980497
                                                 ],
                                                 [
                                                     34.500415802002003,
                                                     41.962638854980497
                                                 ],
                                                 [
                                                     34.500415802002003,
                                                     41.962360382080199
                                                 ],
                                                 [
                                                     34.500694274902401,
                                                     41.962360382080199
                                                 ],
                                                 [
                                                     34.500694274902401,
                                                     41.962081909179801
                                                 ],
                                                 [
                                                     34.500972747802798,
                                                     41.962081909179801
                                                 ],
                                                 [
                                                     34.500972747802798,
                                                     41.961807250976598
                                                 ],
                                                 [
                                                     34.501251220703203,
                                                     41.961807250976598
                                                 ],
                                                 [
                                                     34.501251220703203,
                                                     41.9615287780762
                                                 ],
                                                 [
                                                     34.501804351806797,
                                                     41.9615287780762
                                                 ],
                                                 [
                                                     34.501804351806797,
                                                     41.961250305175803
                                                 ],
                                                 [
                                                     34.502082824707102,
                                                     41.961250305175803
                                                 ],
                                                 [
                                                     34.502082824707102,
                                                     41.960971832275398
                                                 ],
                                                 [
                                                     34.502918243408303,
                                                     41.960971832275398
                                                 ],
                                                 [
                                                     34.502918243408303,
                                                     41.9615287780762
                                                 ],
                                                 [
                                                     34.503471374511697,
                                                     41.9615287780762
                                                 ],
                                                 [
                                                     34.503471374511697,
                                                     41.961250305175803
                                                 ],
                                                 [
                                                     34.503749847412102,
                                                     41.961250305175803
                                                 ],
                                                 [
                                                     34.503749847412102,
                                                     41.960693359375099
                                                 ],
                                                 [
                                                     34.504859924316499,
                                                     41.960693359375099
                                                 ],
                                                 [
                                                     34.504859924316499,
                                                     41.960414886474702
                                                 ],
                                                 [
                                                     34.505138397216903,
                                                     41.960414886474702
                                                 ],
                                                 [
                                                     34.505138397216903,
                                                     41.960140228271499
                                                 ],
                                                 [
                                                     34.505695343017599,
                                                     41.960140228271499
                                                 ],
                                                 [
                                                     34.505695343017599,
                                                     41.959861755371101
                                                 ],
                                                 [
                                                     34.5062484741212,
                                                     41.959861755371101
                                                 ],
                                                 [
                                                     34.5062484741212,
                                                     41.959304809570298
                                                 ],
                                                 [
                                                     34.506526947021499,
                                                     41.959304809570298
                                                 ],
                                                 [
                                                     34.506526947021499,
                                                     41.959026336669901
                                                 ],
                                                 [
                                                     34.507362365722699,
                                                     41.959026336669901
                                                 ],
                                                 [
                                                     34.507362365722699,
                                                     41.958751678466903
                                                 ],
                                                 [
                                                     34.5079154968263,
                                                     41.958751678466903
                                                 ],
                                                 [
                                                     34.5079154968263,
                                                     41.958194732666101
                                                 ],
                                                 [
                                                     34.508472442627102,
                                                     41.958194732666101
                                                 ],
                                                 [
                                                     34.508472442627102,
                                                     41.958473205566499
                                                 ],
                                                 [
                                                     34.5087509155275,
                                                     41.958473205566499
                                                 ],
                                                 [
                                                     34.5087509155275,
                                                     41.958751678466903
                                                 ],
                                                 [
                                                     34.509304046630902,
                                                     41.958751678466903
                                                 ],
                                                 [
                                                     34.509304046630902,
                                                     41.958473205566499
                                                 ],
                                                 [
                                                     34.5095825195312,
                                                     41.958473205566499
                                                 ],
                                                 [
                                                     34.5095825195312,
                                                     41.958194732666101
                                                 ],
                                                 [
                                                     34.511249542236399,
                                                     41.958194732666101
                                                 ],
                                                 [
                                                     34.511249542236399,
                                                     41.957916259765703
                                                 ],
                                                 [
                                                     34.511528015136797,
                                                     41.957916259765703
                                                 ],
                                                 [
                                                     34.511528015136797,
                                                     41.957637786865298
                                                 ],
                                                 [
                                                     34.514583587646598,
                                                     41.957637786865298
                                                 ],
                                                 [
                                                     34.514583587646598,
                                                     41.957359313964801
                                                 ],
                                                 [
                                                     34.517360687255902,
                                                     41.957359313964801
                                                 ],
                                                 [
                                                     34.517360687255902,
                                                     41.957084655761797
                                                 ],
                                                 [
                                                     34.518196105957003,
                                                     41.957084655761797
                                                 ],
                                                 [
                                                     34.518196105957003,
                                                     41.956806182861399
                                                 ],
                                                 [
                                                     34.519584655761797,
                                                     41.956806182861399
                                                 ],
                                                 [
                                                     34.519584655761797,
                                                     41.956527709961001
                                                 ],
                                                 [
                                                     34.519859313964801,
                                                     41.956527709961001
                                                 ],
                                                 [
                                                     34.519859313964801,
                                                     41.956249237060597
                                                 ],
                                                 [
                                                     34.520137786865199,
                                                     41.956249237060597
                                                 ],
                                                 [
                                                     34.520137786865199,
                                                     41.955970764160298
                                                 ],
                                                 [
                                                     34.520416259765597,
                                                     41.955970764160298
                                                 ],
                                                 [
                                                     34.520416259765597,
                                                     41.955696105957003
                                                 ],
                                                 [
                                                     34.521804809570298,
                                                     41.955696105957003
                                                 ],
                                                 [
                                                     34.521804809570298,
                                                     41.955970764160298
                                                 ],
                                                 [
                                                     34.5256958007813,
                                                     41.955970764160298
                                                 ],
                                                 [
                                                     34.5256958007813,
                                                     41.955696105957003
                                                 ],
                                                 [
                                                     34.526805877685497,
                                                     41.955696105957003
                                                 ],
                                                 [
                                                     34.526805877685497,
                                                     41.955417633056598
                                                 ],
                                                 [
                                                     34.527637481689503,
                                                     41.955417633056598
                                                 ],
                                                 [
                                                     34.527637481689503,
                                                     41.9551391601562
                                                 ],
                                                 [
                                                     34.528194427490199,
                                                     41.9551391601562
                                                 ],
                                                 [
                                                     34.528194427490199,
                                                     41.954860687255902
                                                 ],
                                                 [
                                                     34.529304504394602,
                                                     41.954860687255902
                                                 ],
                                                 [
                                                     34.529304504394602,
                                                     41.954582214355497
                                                 ],
                                                 [
                                                     34.529861450195398,
                                                     41.954582214355497
                                                 ],
                                                 [
                                                     34.529861450195398,
                                                     41.954303741455099
                                                 ],
                                                 [
                                                     34.530139923095803,
                                                     41.954303741455099
                                                 ],
                                                 [
                                                     34.530139923095803,
                                                     41.953750610351598
                                                 ],
                                                 [
                                                     34.530971527099702,
                                                     41.953750610351598
                                                 ],
                                                 [
                                                     34.530971527099702,
                                                     41.9534721374512
                                                 ],
                                                 [
                                                     34.533748626708999,
                                                     41.9534721374512
                                                 ],
                                                 [
                                                     34.533748626708999,
                                                     41.953193664550803
                                                 ],
                                                 [
                                                     34.536804199218899,
                                                     41.953193664550803
                                                 ],
                                                 [
                                                     34.536804199218899,
                                                     41.952915191650398
                                                 ],
                                                 [
                                                     34.537082672119297,
                                                     41.952915191650398
                                                 ],
                                                 [
                                                     34.537082672119297,
                                                     41.953193664550803
                                                 ],
                                                 [
                                                     34.537361145019602,
                                                     41.953193664550803
                                                 ],
                                                 [
                                                     34.537361145019602,
                                                     41.952915191650398
                                                 ],
                                                 [
                                                     34.538192749023402,
                                                     41.952915191650398
                                                 ],
                                                 [
                                                     34.538192749023402,
                                                     41.952640533447401
                                                 ],
                                                 [
                                                     34.538749694824197,
                                                     41.952640533447401
                                                 ],
                                                 [
                                                     34.538749694824197,
                                                     41.952362060547003
                                                 ],
                                                 [
                                                     34.539028167724602,
                                                     41.952362060547003
                                                 ],
                                                 [
                                                     34.539028167724602,
                                                     41.952083587646598
                                                 ],
                                                 [
                                                     34.539585113525298,
                                                     41.952083587646598
                                                 ],
                                                 [
                                                     34.539585113525298,
                                                     41.9518051147462
                                                 ],
                                                 [
                                                     34.539859771728601,
                                                     41.9518051147462
                                                 ],
                                                 [
                                                     34.539859771728601,
                                                     41.951526641845803
                                                 ],
                                                 [
                                                     34.540416717529297,
                                                     41.951526641845803
                                                 ],
                                                 [
                                                     34.540416717529297,
                                                     41.951248168945398
                                                 ],
                                                 [
                                                     34.542362213134801,
                                                     41.951248168945398
                                                 ],
                                                 [
                                                     34.542362213134801,
                                                     41.950973510742202
                                                 ],
                                                 [
                                                     34.542640686035199,
                                                     41.950973510742202
                                                 ],
                                                 [
                                                     34.542640686035199,
                                                     41.950695037841903
                                                 ],
                                                 [
                                                     34.542915344238402,
                                                     41.950695037841903
                                                 ],
                                                 [
                                                     34.542915344238402,
                                                     41.950416564941499
                                                 ],
                                                 [
                                                     34.5448608398438,
                                                     41.950416564941499
                                                 ],
                                                 [
                                                     34.5448608398438,
                                                     41.950138092041101
                                                 ],
                                                 [
                                                     34.545139312744098,
                                                     41.950138092041101
                                                 ],
                                                 [
                                                     34.545139312744098,
                                                     41.949859619140703
                                                 ],
                                                 [
                                                     34.545696258544901,
                                                     41.949859619140703
                                                 ],
                                                 [
                                                     34.545696258544901,
                                                     41.9495849609375
                                                 ],
                                                 [
                                                     34.545970916748097,
                                                     41.9495849609375
                                                 ],
                                                 [
                                                     34.545970916748097,
                                                     41.949306488037102
                                                 ],
                                                 [
                                                     34.548751831054702,
                                                     41.949306488037102
                                                 ],
                                                 [
                                                     34.548751831054702,
                                                     41.949028015136697
                                                 ],
                                                 [
                                                     34.5495834350587,
                                                     41.949028015136697
                                                 ],
                                                 [
                                                     34.5495834350587,
                                                     41.948776245117102
                                                 ],
                                                 [
                                                     34.549861907959098,
                                                     41.9487495422363
                                                 ],
                                                 [
                                                     34.549861907959098,
                                                     41.948471069336001
                                                 ],
                                                 [
                                                     34.550971984863303,
                                                     41.948471069336001
                                                 ],
                                                 [
                                                     34.550971984863303,
                                                     41.9487495422363
                                                 ],
                                                 [
                                                     34.5512504577637,
                                                     41.9487495422363
                                                 ],
                                                 [
                                                     34.5512504577637,
                                                     41.949028015136697
                                                 ],
                                                 [
                                                     34.555137634277301,
                                                     41.949028015136697
                                                 ],
                                                 [
                                                     34.555137634277301,
                                                     41.9487495422363
                                                 ],
                                                 [
                                                     34.556251525878999,
                                                     41.9487495422363
                                                 ],
                                                 [
                                                     34.556251525878999,
                                                     41.948497772216697
                                                 ],
                                                 [
                                                     34.556526184082003,
                                                     41.948471069336001
                                                 ],
                                                 [
                                                     34.556526184082003,
                                                     41.948192596435597
                                                 ],
                                                 [
                                                     34.556804656982401,
                                                     41.948192596435597
                                                 ],
                                                 [
                                                     34.556804656982401,
                                                     41.947639465332003
                                                 ],
                                                 [
                                                     34.557083129882798,
                                                     41.947639465332003
                                                 ],
                                                 [
                                                     34.557083129882798,
                                                     41.947360992431598
                                                 ],
                                                 [
                                                     34.557640075683601,
                                                     41.947360992431598
                                                 ],
                                                 [
                                                     34.557640075683601,
                                                     41.9470825195312
                                                 ],
                                                 [
                                                     34.558471679687599,
                                                     41.9470825195312
                                                 ],
                                                 [
                                                     34.558471679687599,
                                                     41.946804046630902
                                                 ],
                                                 [
                                                     34.558750152587898,
                                                     41.946804046630902
                                                 ],
                                                 [
                                                     34.558750152587898,
                                                     41.946529388427798
                                                 ],
                                                 [
                                                     34.559860229492301,
                                                     41.946529388427798
                                                 ],
                                                 [
                                                     34.559860229492301,
                                                     41.946804046630902
                                                 ],
                                                 [
                                                     34.561527252197202,
                                                     41.946804046630902
                                                 ],
                                                 [
                                                     34.561527252197202,
                                                     41.9470825195312
                                                 ],
                                                 [
                                                     34.561805725097599,
                                                     41.9470825195312
                                                 ],
                                                 [
                                                     34.561805725097599,
                                                     41.947360992431598
                                                 ],
                                                 [
                                                     34.562084197998203,
                                                     41.947360992431598
                                                 ],
                                                 [
                                                     34.562084197998203,
                                                     41.947917938232401
                                                 ],
                                                 [
                                                     34.562362670898601,
                                                     41.947917938232401
                                                 ],
                                                 [
                                                     34.562362670898601,
                                                     41.948192596435597
                                                 ],
                                                 [
                                                     34.563472747802699,
                                                     41.948192596435597
                                                 ],
                                                 [
                                                     34.563472747802699,
                                                     41.947639465332003
                                                 ],
                                                 [
                                                     34.563751220703097,
                                                     41.947639465332003
                                                 ],
                                                 [
                                                     34.563751220703097,
                                                     41.947360992431598
                                                 ],
                                                 [
                                                     34.5640258789063,
                                                     41.947360992431598
                                                 ],
                                                 [
                                                     34.5640258789063,
                                                     41.9470825195312
                                                 ],
                                                 [
                                                     34.5648612976075,
                                                     41.9470825195312
                                                 ],
                                                 [
                                                     34.5648612976075,
                                                     41.947360992431598
                                                 ],
                                                 [
                                                     34.565692901611399,
                                                     41.947360992431598
                                                 ],
                                                 [
                                                     34.565692901611399,
                                                     41.947639465332003
                                                 ],
                                                 [
                                                     34.566249847412202,
                                                     41.947639465332003
                                                 ],
                                                 [
                                                     34.566249847412202,
                                                     41.947917938232401
                                                 ],
                                                 [
                                                     34.566528320312599,
                                                     41.947917938232401
                                                 ],
                                                 [
                                                     34.566528320312599,
                                                     41.947986602783203
                                                 ],
                                                 [
                                                     34.566528320312599,
                                                     41.948471069336001
                                                 ],
                                                 [
                                                     34.566806793212997,
                                                     41.948471069336001
                                                 ],
                                                 [
                                                     34.566806793212997,
                                                     41.949028015136697
                                                 ],
                                                 [
                                                     34.567081451416001,
                                                     41.949028015136697
                                                 ],
                                                 [
                                                     34.567081451416001,
                                                     41.9487495422363
                                                 ],
                                                 [
                                                     34.569862365722699,
                                                     41.9487495422363
                                                 ],
                                                 [
                                                     34.569862365722699,
                                                     41.948471069336001
                                                 ],
                                                 [
                                                     34.570693969726598,
                                                     41.948471069336001
                                                 ],
                                                 [
                                                     34.570693969726598,
                                                     41.948192596435597
                                                 ],
                                                 [
                                                     34.570972442627003,
                                                     41.948192596435597
                                                 ],
                                                 [
                                                     34.570972442627003,
                                                     41.947917938232401
                                                 ],
                                                 [
                                                     34.574584960937401,
                                                     41.947917938232401
                                                 ],
                                                 [
                                                     34.574584960937401,
                                                     41.947639465332003
                                                 ],
                                                 [
                                                     34.574859619140703,
                                                     41.947639465332003
                                                 ],
                                                 [
                                                     34.574859619140703,
                                                     41.947360992431598
                                                 ],
                                                 [
                                                     34.575138092041101,
                                                     41.947360992431598
                                                 ],
                                                 [
                                                     34.575138092041101,
                                                     41.947113037109403
                                                 ],
                                                 [
                                                     34.575138092041101,
                                                     41.9470825195312
                                                 ],
                                                 [
                                                     34.575309753418097,
                                                     41.9470825195312
                                                 ],
                                                 [
                                                     34.577640533447301,
                                                     41.9470825195312
                                                 ],
                                                 [
                                                     34.577640533447301,
                                                     41.947360992431598
                                                 ],
                                                 [
                                                     34.580696105957003,
                                                     41.947360992431598
                                                 ],
                                                 [
                                                     34.580696105957003,
                                                     41.947639465332003
                                                 ],
                                                 [
                                                     34.580970764160199,
                                                     41.947639465332003
                                                 ],
                                                 [
                                                     34.580970764160199,
                                                     41.947917938232401
                                                 ],
                                                 [
                                                     34.582637786865298,
                                                     41.947917938232401
                                                 ],
                                                 [
                                                     34.582637786865298,
                                                     41.948192596435597
                                                 ],
                                                 [
                                                     34.584304809570398,
                                                     41.948192596435597
                                                 ],
                                                 [
                                                     34.584304809570398,
                                                     41.948471069336001
                                                 ],
                                                 [
                                                     34.585140228271598,
                                                     41.948471069336001
                                                 ],
                                                 [
                                                     34.585140228271598,
                                                     41.9487495422363
                                                 ],
                                                 [
                                                     34.585693359375,
                                                     41.9487495422363
                                                 ],
                                                 [
                                                     34.585693359375,
                                                     41.949028015136697
                                                 ],
                                                 [
                                                     34.5865287780762,
                                                     41.949028015136697
                                                 ],
                                                 [
                                                     34.5865287780762,
                                                     41.949306488037102
                                                 ],
                                                 [
                                                     34.587638854980497,
                                                     41.949306488037102
                                                 ],
                                                 [
                                                     34.587638854980497,
                                                     41.9495849609375
                                                 ],
                                                 [
                                                     34.589027404785298,
                                                     41.9495849609375
                                                 ],
                                                 [
                                                     34.589027404785298,
                                                     41.949859619140703
                                                 ],
                                                 [
                                                     34.594306945800803,
                                                     41.949859619140703
                                                 ],
                                                 [
                                                     34.594306945800803,
                                                     41.9495849609375
                                                 ],
                                                 [
                                                     34.596805572509702,
                                                     41.9495849609375
                                                 ],
                                                 [
                                                     34.596805572509702,
                                                     41.949306488037102
                                                 ],
                                                 [
                                                     34.597362518310703,
                                                     41.949306488037102
                                                 ],
                                                 [
                                                     34.597362518310703,
                                                     41.949028015136697
                                                 ],
                                                 [
                                                     34.597915649414098,
                                                     41.949028015136697
                                                 ],
                                                 [
                                                     34.597915649414098,
                                                     41.9487495422363
                                                 ],
                                                 [
                                                     34.598194122314503,
                                                     41.9487495422363
                                                 ],
                                                 [
                                                     34.598194122314503,
                                                     41.948471069336001
                                                 ],
                                                 [
                                                     34.598751068115199,
                                                     41.948471069336001
                                                 ],
                                                 [
                                                     34.598751068115199,
                                                     41.948192596435597
                                                 ],
                                                 [
                                                     34.599582672119197,
                                                     41.948192596435597
                                                 ],
                                                 [
                                                     34.599582672119197,
                                                     41.947917938232401
                                                 ],
                                                 [
                                                     34.599861145019602,
                                                     41.947917938232401
                                                 ],
                                                 [
                                                     34.599861145019602,
                                                     41.947639465332003
                                                 ],
                                                 [
                                                     34.600971221923899,
                                                     41.947639465332003
                                                 ],
                                                 [
                                                     34.600971221923899,
                                                     41.947360992431598
                                                 ],
                                                 [
                                                     34.601528167724702,
                                                     41.947360992431598
                                                 ],
                                                 [
                                                     34.601528167724702,
                                                     41.9470825195312
                                                 ],
                                                 [
                                                     34.602085113525398,
                                                     41.9470825195312
                                                 ],
                                                 [
                                                     34.602085113525398,
                                                     41.946804046630902
                                                 ],
                                                 [
                                                     34.602359771728501,
                                                     41.946804046630902
                                                 ],
                                                 [
                                                     34.602359771728501,
                                                     41.945972442627102
                                                 ],
                                                 [
                                                     34.602638244628899,
                                                     41.945972442627102
                                                 ],
                                                 [
                                                     34.602638244628899,
                                                     41.9454154968263
                                                 ],
                                                 [
                                                     34.602916717529197,
                                                     41.9454154968263
                                                 ],
                                                 [
                                                     34.602916717529197,
                                                     41.945137023925902
                                                 ],
                                                 [
                                                     34.603748321533303,
                                                     41.945137023925902
                                                 ],
                                                 [
                                                     34.603748321533303,
                                                     41.944862365722699
                                                 ],
                                                 [
                                                     34.604305267333999,
                                                     41.944862365722699
                                                 ],
                                                 [
                                                     34.604305267333999,
                                                     41.945137023925902
                                                 ],
                                                 [
                                                     34.606250762939503,
                                                     41.945137023925902
                                                 ],
                                                 [
                                                     34.606250762939503,
                                                     41.944862365722699
                                                 ],
                                                 [
                                                     34.607082366943501,
                                                     41.944862365722699
                                                 ],
                                                 [
                                                     34.607082366943501,
                                                     41.944583892822301
                                                 ],
                                                 [
                                                     34.608470916747997,
                                                     41.944583892822301
                                                 ],
                                                 [
                                                     34.608470916747997,
                                                     41.944305419921903
                                                 ],
                                                 [
                                                     34.608749389648402,
                                                     41.944305419921903
                                                 ],
                                                 [
                                                     34.608749389648402,
                                                     41.944026947021499
                                                 ],
                                                 [
                                                     34.609584808349602,
                                                     41.944026947021499
                                                 ],
                                                 [
                                                     34.609584808349602,
                                                     41.9437484741212
                                                 ],
                                                 [
                                                     34.610694885253899,
                                                     41.9437484741212
                                                 ],
                                                 [
                                                     34.610694885253899,
                                                     41.943473815917997
                                                 ],
                                                 [
                                                     34.611526489257898,
                                                     41.943473815917997
                                                 ],
                                                 [
                                                     34.611526489257898,
                                                     41.943195343017599
                                                 ],
                                                 [
                                                     34.614028930664198,
                                                     41.943195343017599
                                                 ],
                                                 [
                                                     34.614028930664198,
                                                     41.942916870117202
                                                 ],
                                                 [
                                                     34.615139007568402,
                                                     41.942916870117202
                                                 ],
                                                 [
                                                     34.615139007568402,
                                                     41.942638397216797
                                                 ],
                                                 [
                                                     34.615695953369098,
                                                     41.942638397216797
                                                 ],
                                                 [
                                                     34.615695953369098,
                                                     41.942359924316399
                                                 ],
                                                 [
                                                     34.617916107177798,
                                                     41.942359924316399
                                                 ],
                                                 [
                                                     34.617916107177798,
                                                     41.942081451416101
                                                 ],
                                                 [
                                                     34.625137329101499,
                                                     41.942081451416101
                                                 ],
                                                 [
                                                     34.625137329101499,
                                                     41.941806793212997
                                                 ],
                                                 [
                                                     34.6256942749025,
                                                     41.941806793212997
                                                 ],
                                                 [
                                                     34.6256942749025,
                                                     41.942081451416101
                                                 ],
                                                 [
                                                     34.627082824707003,
                                                     41.942081451416101
                                                 ],
                                                 [
                                                     34.627082824707003,
                                                     41.941806793212997
                                                 ],
                                                 [
                                                     34.627361297607401,
                                                     41.941806793212997
                                                 ],
                                                 [
                                                     34.627361297607401,
                                                     41.941528320312401
                                                 ],
                                                 [
                                                     34.629581451416101,
                                                     41.941528320312401
                                                 ],
                                                 [
                                                     34.629585266113303,
                                                     41.941806793212997
                                                 ],
                                                 [
                                                     34.630973815917997,
                                                     41.941806793212997
                                                 ],
                                                 [
                                                     34.630973815917997,
                                                     41.942081451416101
                                                 ],
                                                 [
                                                     34.6329154968262,
                                                     41.942081451416101
                                                 ],
                                                 [
                                                     34.6329154968262,
                                                     41.941806793212997
                                                 ],
                                                 [
                                                     34.634029388427699,
                                                     41.941806793212997
                                                 ],
                                                 [
                                                     34.634029388427699,
                                                     41.942081451416101
                                                 ],
                                                 [
                                                     34.637084960937599,
                                                     41.942081451416101
                                                 ],
                                                 [
                                                     34.637084960937599,
                                                     41.942359924316399
                                                 ],
                                                 [
                                                     34.6379165649413,
                                                     41.942359924316399
                                                 ],
                                                 [
                                                     34.6379165649413,
                                                     41.942638397216797
                                                 ],
                                                 [
                                                     34.638195037841697,
                                                     41.942638397216797
                                                 ],
                                                 [
                                                     34.638195037841697,
                                                     41.942359924316399
                                                 ],
                                                 [
                                                     34.639305114746101,
                                                     41.942359924316399
                                                 ],
                                                 [
                                                     34.639305114746101,
                                                     41.942638397216797
                                                 ],
                                                 [
                                                     34.640140533447301,
                                                     41.942638397216797
                                                 ],
                                                 [
                                                     34.640140533447301,
                                                     41.942916870117202
                                                 ],
                                                 [
                                                     34.640415191650398,
                                                     41.942916870117202
                                                 ],
                                                 [
                                                     34.640415191650398,
                                                     41.942638397216797
                                                 ],
                                                 [
                                                     34.641803741455199,
                                                     41.942638397216797
                                                 ],
                                                 [
                                                     34.641803741455199,
                                                     41.942359924316399
                                                 ],
                                                 [
                                                     34.642360687256001,
                                                     41.942359924316399
                                                 ],
                                                 [
                                                     34.642360687256001,
                                                     41.942081451416101
                                                 ],
                                                 [
                                                     34.643196105957102,
                                                     41.942081451416101
                                                 ],
                                                 [
                                                     34.643196105957102,
                                                     41.941806793212997
                                                 ],
                                                 [
                                                     34.643470764160199,
                                                     41.941806793212997
                                                 ],
                                                 [
                                                     34.643470764160199,
                                                     41.941528320312401
                                                 ],
                                                 [
                                                     34.643749237060497,
                                                     41.941528320312401
                                                 ],
                                                 [
                                                     34.643749237060497,
                                                     41.941249847412102
                                                 ],
                                                 [
                                                     34.645416259765597,
                                                     41.941249847412102
                                                 ],
                                                 [
                                                     34.645416259765597,
                                                     41.941528320312401
                                                 ],
                                                 [
                                                     34.646251678466797,
                                                     41.941528320312401
                                                 ],
                                                 [
                                                     34.646251678466797,
                                                     41.941806793212997
                                                 ],
                                                 [
                                                     34.648193359375099,
                                                     41.941806793212997
                                                 ],
                                                 [
                                                     34.648193359375099,
                                                     41.942081451416101
                                                 ],
                                                 [
                                                     34.650417327880902,
                                                     41.942081451416101
                                                 ],
                                                 [
                                                     34.650417327880902,
                                                     41.942359924316399
                                                 ],
                                                 [
                                                     34.6523628234863,
                                                     41.942359924316399
                                                 ],
                                                 [
                                                     34.6523628234863,
                                                     41.942638397216797
                                                 ],
                                                 [
                                                     34.653194427490298,
                                                     41.942638397216797
                                                 ],
                                                 [
                                                     34.653194427490298,
                                                     41.942359924316399
                                                 ],
                                                 [
                                                     34.657081604003999,
                                                     41.942359924316399
                                                 ],
                                                 [
                                                     34.657081604003999,
                                                     41.942081451416101
                                                 ],
                                                 [
                                                     34.657638549804702,
                                                     41.942081451416101
                                                 ],
                                                 [
                                                     34.657638549804702,
                                                     41.941528320312401
                                                 ],
                                                 [
                                                     34.657917022705099,
                                                     41.941528320312401
                                                 ],
                                                 [
                                                     34.657917022705099,
                                                     41.941249847412102
                                                 ],
                                                 [
                                                     34.658195495605497,
                                                     41.941249847412102
                                                 ],
                                                 [
                                                     34.658195495605497,
                                                     41.940971374511697
                                                 ],
                                                 [
                                                     34.659584045410199,
                                                     41.940971374511697
                                                 ],
                                                 [
                                                     34.659584045410199,
                                                     41.941249847412102
                                                 ],
                                                 [
                                                     34.660415649413999,
                                                     41.941249847412102
                                                 ],
                                                 [
                                                     34.660415649413999,
                                                     41.941528320312401
                                                 ],
                                                 [
                                                     34.662639617919901,
                                                     41.941528320312401
                                                 ],
                                                 [
                                                     34.662639617919901,
                                                     41.941806793212997
                                                 ],
                                                 [
                                                     34.666805267333899,
                                                     41.941806793212997
                                                 ],
                                                 [
                                                     34.666805267333899,
                                                     41.942081451416101
                                                 ],
                                                 [
                                                     34.667083740234503,
                                                     41.942081451416101
                                                 ],
                                                 [
                                                     34.667083740234503,
                                                     41.942359924316399
                                                 ],
                                                 [
                                                     34.670417785644602,
                                                     41.942359924316399
                                                 ],
                                                 [
                                                     34.670417785644602,
                                                     41.942638397216797
                                                 ],
                                                 [
                                                     34.672359466552699,
                                                     41.942638397216797
                                                 ],
                                                 [
                                                     34.672359466552699,
                                                     41.942916870117202
                                                 ],
                                                 [
                                                     34.674861907958999,
                                                     41.942916870117202
                                                 ],
                                                 [
                                                     34.674861907958999,
                                                     41.943195343017599
                                                 ],
                                                 [
                                                     34.675140380859403,
                                                     41.943195343017599
                                                 ],
                                                 [
                                                     34.675140380859403,
                                                     41.943473815917997
                                                 ],
                                                 [
                                                     34.675415039062599,
                                                     41.943473815917997
                                                 ],
                                                 [
                                                     34.675415039062599,
                                                     41.943195343017599
                                                 ],
                                                 [
                                                     34.675971984863303,
                                                     41.943195343017599
                                                 ],
                                                 [
                                                     34.675971984863303,
                                                     41.943473815917997
                                                 ],
                                                 [
                                                     34.678470611572301,
                                                     41.943473815917997
                                                 ],
                                                 [
                                                     34.678470611572301,
                                                     41.943195343017599
                                                 ],
                                                 [
                                                     34.679862976074297,
                                                     41.943195343017599
                                                 ],
                                                 [
                                                     34.679862976074297,
                                                     41.943473815917997
                                                 ],
                                                 [
                                                     34.680137634277401,
                                                     41.943473815917997
                                                 ],
                                                 [
                                                     34.680137634277401,
                                                     41.9437484741212
                                                 ],
                                                 [
                                                     34.680416107177699,
                                                     41.9437484741212
                                                 ],
                                                 [
                                                     34.680416107177699,
                                                     41.944026947021499
                                                 ],
                                                 [
                                                     34.681526184082102,
                                                     41.944026947021499
                                                 ],
                                                 [
                                                     34.681526184082102,
                                                     41.944305419921903
                                                 ],
                                                 [
                                                     34.682918548583999,
                                                     41.944305419921903
                                                 ],
                                                 [
                                                     34.682918548583999,
                                                     41.944583892822301
                                                 ],
                                                 [
                                                     34.683750152587997,
                                                     41.944583892822301
                                                 ],
                                                 [
                                                     34.683750152587997,
                                                     41.944862365722699
                                                 ],
                                                 [
                                                     34.684860229492202,
                                                     41.944862365722699
                                                 ],
                                                 [
                                                     34.684860229492202,
                                                     41.945137023925902
                                                 ],
                                                 [
                                                     34.685695648193303,
                                                     41.945137023925902
                                                 ],
                                                 [
                                                     34.685695648193303,
                                                     41.9454154968263
                                                 ],
                                                 [
                                                     34.686805725097699,
                                                     41.9454154968263
                                                 ],
                                                 [
                                                     34.686805725097699,
                                                     41.945693969726698
                                                 ],
                                                 [
                                                     34.687637329101698,
                                                     41.945693969726698
                                                 ],
                                                 [
                                                     34.687637329101698,
                                                     41.945972442627102
                                                 ],
                                                 [
                                                     34.689582824707102,
                                                     41.945972442627102
                                                 ],
                                                 [
                                                     34.689582824707102,
                                                     41.9462509155275
                                                 ],
                                                 [
                                                     34.691249847412102,
                                                     41.9462509155275
                                                 ],
                                                 [
                                                     34.691249847412102,
                                                     41.946529388427798
                                                 ],
                                                 [
                                                     34.692081451416101,
                                                     41.946529388427798
                                                 ],
                                                 [
                                                     34.692085266113203,
                                                     41.946804046630902
                                                 ],
                                                 [
                                                     34.693195343017599,
                                                     41.946804046630902
                                                 ],
                                                 [
                                                     34.693195343017599,
                                                     41.9470825195312
                                                 ],
                                                 [
                                                     34.694583892822301,
                                                     41.9470825195312
                                                 ],
                                                 [
                                                     34.694583892822301,
                                                     41.946804046630902
                                                 ],
                                                 [
                                                     34.694862365722699,
                                                     41.946804046630902
                                                 ],
                                                 [
                                                     34.694862365722699,
                                                     41.946529388427798
                                                 ],
                                                 [
                                                     34.695415496826101,
                                                     41.946529388427798
                                                 ],
                                                 [
                                                     34.695415496826101,
                                                     41.9462509155275
                                                 ],
                                                 [
                                                     34.695972442627102,
                                                     41.9462509155275
                                                 ],
                                                 [
                                                     34.695972442627102,
                                                     41.945972442627102
                                                 ],
                                                 [
                                                     34.6962509155275,
                                                     41.945972442627102
                                                 ],
                                                 [
                                                     34.6962509155275,
                                                     41.9454154968263
                                                 ],
                                                 [
                                                     34.696529388427798,
                                                     41.9454154968263
                                                 ],
                                                 [
                                                     34.696529388427798,
                                                     41.945137023925902
                                                 ],
                                                 [
                                                     34.696804046630902,
                                                     41.945137023925902
                                                 ],
                                                 [
                                                     34.696804046630902,
                                                     41.944583892822301
                                                 ],
                                                 [
                                                     34.6970825195312,
                                                     41.944583892822301
                                                 ],
                                                 [
                                                     34.6970825195312,
                                                     41.944305419921903
                                                 ],
                                                 [
                                                     34.697639465332003,
                                                     41.944305419921903
                                                 ],
                                                 [
                                                     34.697639465332003,
                                                     41.944026947021499
                                                 ],
                                                 [
                                                     34.697917938232401,
                                                     41.944026947021499
                                                 ],
                                                 [
                                                     34.697917938232401,
                                                     41.9437484741212
                                                 ],
                                                 [
                                                     34.699306488037202,
                                                     41.9437484741212
                                                 ],
                                                 [
                                                     34.699306488037202,
                                                     41.943473815917997
                                                 ],
                                                 [
                                                     34.700416564941499,
                                                     41.943473815917997
                                                 ],
                                                 [
                                                     34.700416564941499,
                                                     41.9437484741212
                                                 ],
                                                 [
                                                     34.700973510742202,
                                                     41.9437484741212
                                                 ],
                                                 [
                                                     34.700973510742202,
                                                     41.943473815917997
                                                 ],
                                                 [
                                                     34.7051391601563,
                                                     41.943473815917997
                                                 ],
                                                 [
                                                     34.7051391601563,
                                                     41.9437484741212
                                                 ],
                                                 [
                                                     34.705696105957102,
                                                     41.9437484741212
                                                 ],
                                                 [
                                                     34.705696105957102,
                                                     41.943473815917997
                                                 ],
                                                 [
                                                     34.706527709961101,
                                                     41.943473815917997
                                                 ],
                                                 [
                                                     34.706527709961101,
                                                     41.9437484741212
                                                 ],
                                                 [
                                                     34.707084655761797,
                                                     41.9437484741212
                                                 ],
                                                 [
                                                     34.707084655761797,
                                                     41.944026947021499
                                                 ],
                                                 [
                                                     34.707637786865199,
                                                     41.944026947021499
                                                 ],
                                                 [
                                                     34.707637786865199,
                                                     41.944305419921903
                                                 ],
                                                 [
                                                     34.708751678466903,
                                                     41.944305419921903
                                                 ],
                                                 [
                                                     34.708751678466903,
                                                     41.944026947021499
                                                 ],
                                                 [
                                                     34.712638854980597,
                                                     41.944026947021499
                                                 ],
                                                 [
                                                     34.712638854980597,
                                                     41.9437484741212
                                                 ],
                                                 [
                                                     34.713195800781399,
                                                     41.9437484741212
                                                 ],
                                                 [
                                                     34.713195800781399,
                                                     41.944026947021499
                                                 ],
                                                 [
                                                     34.713470458984403,
                                                     41.944026947021499
                                                 ],
                                                 [
                                                     34.713470458984403,
                                                     41.944305419921903
                                                 ],
                                                 [
                                                     34.714862823486399,
                                                     41.944305419921903
                                                 ],
                                                 [
                                                     34.714862823486399,
                                                     41.944026947021499
                                                 ],
                                                 [
                                                     34.715694427490199,
                                                     41.944026947021499
                                                 ],
                                                 [
                                                     34.715694427490199,
                                                     41.9437484741212
                                                 ],
                                                 [
                                                     34.716251373291001,
                                                     41.9437484741212
                                                 ],
                                                 [
                                                     34.716251373291001,
                                                     41.943473815917997
                                                 ],
                                                 [
                                                     34.717639923095803,
                                                     41.943473815917997
                                                 ],
                                                 [
                                                     34.717639923095803,
                                                     41.9437484741212
                                                 ],
                                                 [
                                                     34.719306945800902,
                                                     41.9437484741212
                                                 ],
                                                 [
                                                     34.719306945800902,
                                                     41.944026947021499
                                                 ],
                                                 [
                                                     34.721805572509801,
                                                     41.944026947021499
                                                 ],
                                                 [
                                                     34.721805572509801,
                                                     41.944305419921903
                                                 ],
                                                 [
                                                     34.723194122314503,
                                                     41.944305419921903
                                                 ],
                                                 [
                                                     34.723194122314503,
                                                     41.944026947021499
                                                 ],
                                                 [
                                                     34.724029541015703,
                                                     41.944026947021499
                                                 ],
                                                 [
                                                     34.724029541015703,
                                                     41.944305419921903
                                                 ],
                                                 [
                                                     34.724582672119297,
                                                     41.944305419921903
                                                 ],
                                                 [
                                                     34.724582672119297,
                                                     41.944583892822301
                                                 ],
                                                 [
                                                     34.72513961792,
                                                     41.944583892822301
                                                 ],
                                                 [
                                                     34.72513961792,
                                                     41.944862365722699
                                                 ],
                                                 [
                                                     34.726806640625,
                                                     41.944862365722699
                                                 ],
                                                 [
                                                     34.726806640625,
                                                     41.945137023925902
                                                 ],
                                                 [
                                                     34.727359771728601,
                                                     41.945137023925902
                                                 ],
                                                 [
                                                     34.727359771728601,
                                                     41.944862365722699
                                                 ],
                                                 [
                                                     34.728748321533303,
                                                     41.944862365722699
                                                 ],
                                                 [
                                                     34.728748321533303,
                                                     41.945137023925902
                                                 ],
                                                 [
                                                     34.7290267944337,
                                                     41.945137023925902
                                                 ],
                                                 [
                                                     34.7290267944337,
                                                     41.9454154968263
                                                 ],
                                                 [
                                                     34.730415344238203,
                                                     41.9454154968263
                                                 ],
                                                 [
                                                     34.730415344238203,
                                                     41.945693969726698
                                                 ],
                                                 [
                                                     34.7306938171388,
                                                     41.945693969726698
                                                 ],
                                                 [
                                                     34.7306938171388,
                                                     41.9454154968263
                                                 ],
                                                 [
                                                     34.730972290039198,
                                                     41.9454154968263
                                                 ],
                                                 [
                                                     34.730972290039198,
                                                     41.945693969726698
                                                 ],
                                                 [
                                                     34.731803894042997,
                                                     41.945693969726698
                                                 ],
                                                 [
                                                     34.731803894042997,
                                                     41.945972442627102
                                                 ],
                                                 [
                                                     34.732639312744098,
                                                     41.945972442627102
                                                 ],
                                                 [
                                                     34.732639312744098,
                                                     41.9462509155275
                                                 ],
                                                 [
                                                     34.733749389648501,
                                                     41.9462509155275
                                                 ],
                                                 [
                                                     34.733749389648501,
                                                     41.946529388427798
                                                 ],
                                                 [
                                                     34.735973358154403,
                                                     41.946529388427798
                                                 ],
                                                 [
                                                     34.735973358154403,
                                                     41.946804046630902
                                                 ],
                                                 [
                                                     34.737361907959098,
                                                     41.946804046630902
                                                 ],
                                                 [
                                                     34.737361907959098,
                                                     41.9470825195312
                                                 ],
                                                 [
                                                     34.7379150390625,
                                                     41.9470825195312
                                                 ],
                                                 [
                                                     34.7379150390625,
                                                     41.947360992431598
                                                 ],
                                                 [
                                                     34.738471984863303,
                                                     41.947360992431598
                                                 ],
                                                 [
                                                     34.738471984863303,
                                                     41.947639465332003
                                                 ],
                                                 [
                                                     34.739860534667997,
                                                     41.947639465332003
                                                 ],
                                                 [
                                                     34.739860534667997,
                                                     41.947917938232401
                                                 ],
                                                 [
                                                     34.740695953369197,
                                                     41.947917938232401
                                                 ],
                                                 [
                                                     34.740695953369197,
                                                     41.948192596435597
                                                 ],
                                                 [
                                                     34.742084503173899,
                                                     41.948192596435597
                                                 ],
                                                 [
                                                     34.742084503173899,
                                                     41.948471069336001
                                                 ],
                                                 [
                                                     34.743194580078097,
                                                     41.948471069336001
                                                 ],
                                                 [
                                                     34.743194580078097,
                                                     41.9487495422363
                                                 ],
                                                 [
                                                     34.743751525878999,
                                                     41.9487495422363
                                                 ],
                                                 [
                                                     34.743751525878999,
                                                     41.949028015136697
                                                 ],
                                                 [
                                                     34.744026184082003,
                                                     41.949028015136697
                                                 ],
                                                 [
                                                     34.744026184082003,
                                                     41.949306488037102
                                                 ],
                                                 [
                                                     34.744861602783203,
                                                     41.949306488037102
                                                 ],
                                                 [
                                                     34.744861602783203,
                                                     41.9495849609375
                                                 ],
                                                 [
                                                     34.745140075683601,
                                                     41.9495849609375
                                                 ],
                                                 [
                                                     34.745140075683601,
                                                     41.949859619140703
                                                 ],
                                                 [
                                                     34.745418548583999,
                                                     41.949859619140703
                                                 ],
                                                 [
                                                     34.745418548583999,
                                                     41.950138092041101
                                                 ],
                                                 [
                                                     34.746250152587898,
                                                     41.950138092041101
                                                 ],
                                                 [
                                                     34.746250152587898,
                                                     41.950416564941499
                                                 ],
                                                 [
                                                     34.747917175293097,
                                                     41.950416564941499
                                                 ],
                                                 [
                                                     34.747917175293097,
                                                     41.950695037841903
                                                 ],
                                                 [
                                                     34.748748779296903,
                                                     41.950695037841903
                                                 ],
                                                 [
                                                     34.748748779296903,
                                                     41.950973510742202
                                                 ],
                                                 [
                                                     34.749862670898601,
                                                     41.950973510742202
                                                 ],
                                                 [
                                                     34.749862670898601,
                                                     41.951248168945398
                                                 ],
                                                 [
                                                     34.754028320312599,
                                                     41.951248168945398
                                                 ],
                                                 [
                                                     34.754028320312599,
                                                     41.951526641845803
                                                 ],
                                                 [
                                                     34.754306793212997,
                                                     41.951526641845803
                                                 ],
                                                 [
                                                     34.754306793212997,
                                                     41.9518051147462
                                                 ],
                                                 [
                                                     34.755416870117202,
                                                     41.9518051147462
                                                 ],
                                                 [
                                                     34.755416870117202,
                                                     41.952083587646598
                                                 ],
                                                 [
                                                     34.756805419921903,
                                                     41.952083587646598
                                                 ],
                                                 [
                                                     34.756805419921903,
                                                     41.952362060547003
                                                 ],
                                                 [
                                                     34.757362365722699,
                                                     41.952362060547003
                                                 ],
                                                 [
                                                     34.757362365722699,
                                                     41.952640533447401
                                                 ],
                                                 [
                                                     34.759304046631001,
                                                     41.952640533447401
                                                 ],
                                                 [
                                                     34.759304046631001,
                                                     41.952915191650398
                                                 ],
                                                 [
                                                     34.759860992431797,
                                                     41.952915191650398
                                                 ],
                                                 [
                                                     34.759860992431797,
                                                     41.953193664550803
                                                 ],
                                                 [
                                                     34.761806488037102,
                                                     41.953193664550803
                                                 ],
                                                 [
                                                     34.761806488037102,
                                                     41.952915191650398
                                                 ],
                                                 [
                                                     34.762359619140703,
                                                     41.952915191650398
                                                 ],
                                                 [
                                                     34.762359619140703,
                                                     41.952640533447401
                                                 ],
                                                 [
                                                     34.763195037841797,
                                                     41.952640533447401
                                                 ],
                                                 [
                                                     34.763195037841797,
                                                     41.952915191650398
                                                 ],
                                                 [
                                                     34.763473510742202,
                                                     41.952915191650398
                                                 ],
                                                 [
                                                     34.763473510742202,
                                                     41.953193664550803
                                                 ],
                                                 [
                                                     34.764026641845803,
                                                     41.953193664550803
                                                 ],
                                                 [
                                                     34.764026641845803,
                                                     41.9534721374512
                                                 ],
                                                 [
                                                     34.764583587646499,
                                                     41.9534721374512
                                                 ],
                                                 [
                                                     34.764583587646499,
                                                     41.953750610351598
                                                 ],
                                                 [
                                                     34.766250610351698,
                                                     41.953750610351598
                                                 ],
                                                 [
                                                     34.766250610351698,
                                                     41.9534721374512
                                                 ],
                                                 [
                                                     34.766529083252102,
                                                     41.9534721374512
                                                 ],
                                                 [
                                                     34.766529083252102,
                                                     41.953193664550803
                                                 ],
                                                 [
                                                     34.766803741455099,
                                                     41.953193664550803
                                                 ],
                                                 [
                                                     34.766803741455099,
                                                     41.952915191650398
                                                 ],
                                                 [
                                                     34.767917633056598,
                                                     41.952915191650398
                                                 ],
                                                 [
                                                     34.767917633056598,
                                                     41.952640533447401
                                                 ],
                                                 [
                                                     34.768196105957003,
                                                     41.952640533447401
                                                 ],
                                                 [
                                                     34.768196105957003,
                                                     41.952915191650398
                                                 ],
                                                 [
                                                     34.768749237060597,
                                                     41.952915191650398
                                                 ],
                                                 [
                                                     34.768749237060597,
                                                     41.953193664550803
                                                 ],
                                                 [
                                                     34.769306182861399,
                                                     41.953193664550803
                                                 ],
                                                 [
                                                     34.769306182861399,
                                                     41.9534721374512
                                                 ],
                                                 [
                                                     34.770137786865298,
                                                     41.9534721374512
                                                 ],
                                                 [
                                                     34.770137786865298,
                                                     41.953193664550803
                                                 ],
                                                 [
                                                     34.771526336669901,
                                                     41.953193664550803
                                                 ],
                                                 [
                                                     34.771526336669901,
                                                     41.952915191650398
                                                 ],
                                                 [
                                                     34.772083282470803,
                                                     41.952915191650398
                                                 ],
                                                 [
                                                     34.772083282470803,
                                                     41.952640533447401
                                                 ],
                                                 [
                                                     34.773750305175803,
                                                     41.952640533447401
                                                 ],
                                                 [
                                                     34.773750305175803,
                                                     41.952362060547003
                                                 ],
                                                 [
                                                     34.7740287780762,
                                                     41.952362060547003
                                                 ],
                                                 [
                                                     34.7740287780762,
                                                     41.952083587646598
                                                 ],
                                                 [
                                                     34.774307250976598,
                                                     41.952083587646598
                                                 ],
                                                 [
                                                     34.774307250976598,
                                                     41.9518051147462
                                                 ],
                                                 [
                                                     34.774860382080099,
                                                     41.9518051147462
                                                 ],
                                                 [
                                                     34.774860382080099,
                                                     41.951526641845803
                                                 ],
                                                 [
                                                     34.776527404785298,
                                                     41.951526641845803
                                                 ],
                                                 [
                                                     34.776527404785298,
                                                     41.951248168945398
                                                 ],
                                                 [
                                                     34.777915954589801,
                                                     41.951248168945398
                                                 ],
                                                 [
                                                     34.777915954589801,
                                                     41.951526641845803
                                                 ],
                                                 [
                                                     34.780693054199297,
                                                     41.951526641845803
                                                 ],
                                                 [
                                                     34.780693054199297,
                                                     41.9518051147462
                                                 ],
                                                 [
                                                     34.781806945800803,
                                                     41.9518051147462
                                                 ],
                                                 [
                                                     34.781806945800803,
                                                     41.952083587646598
                                                 ],
                                                 [
                                                     34.782360076904403,
                                                     41.952083587646598
                                                 ],
                                                 [
                                                     34.782360076904403,
                                                     41.952640533447401
                                                 ],
                                                 [
                                                     34.782638549804801,
                                                     41.952640533447401
                                                 ],
                                                 [
                                                     34.782638549804801,
                                                     41.952915191650398
                                                 ],
                                                 [
                                                     34.783195495605597,
                                                     41.952915191650398
                                                 ],
                                                 [
                                                     34.783195495605597,
                                                     41.953193664550803
                                                 ],
                                                 [
                                                     34.783748626708999,
                                                     41.953193664550803
                                                 ],
                                                 [
                                                     34.783748626708999,
                                                     41.9534721374512
                                                 ],
                                                 [
                                                     34.784305572509702,
                                                     41.9534721374512
                                                 ],
                                                 [
                                                     34.784305572509702,
                                                     41.953750610351598
                                                 ],
                                                 [
                                                     34.784584045410099,
                                                     41.953750610351598
                                                 ],
                                                 [
                                                     34.784584045410099,
                                                     41.954029083251903
                                                 ],
                                                 [
                                                     34.7851371765137,
                                                     41.954029083251903
                                                 ],
                                                 [
                                                     34.7851371765137,
                                                     41.954303741455099
                                                 ],
                                                 [
                                                     34.785694122314503,
                                                     41.954303741455099
                                                 ],
                                                 [
                                                     34.785694122314503,
                                                     41.954029083251903
                                                 ],
                                                 [
                                                     34.786251068115199,
                                                     41.954029083251903
                                                 ],
                                                 [
                                                     34.786251068115199,
                                                     41.953750610351598
                                                 ],
                                                 [
                                                     34.787361145019602,
                                                     41.953750610351598
                                                 ],
                                                 [
                                                     34.787361145019602,
                                                     41.954029083251903
                                                 ],
                                                 [
                                                     34.78763961792,
                                                     41.954029083251903
                                                 ],
                                                 [
                                                     34.78763961792,
                                                     41.954303741455099
                                                 ],
                                                 [
                                                     34.788192749023601,
                                                     41.954303741455099
                                                 ],
                                                 [
                                                     34.788192749023601,
                                                     41.954860687255902
                                                 ],
                                                 [
                                                     34.788471221923899,
                                                     41.954860687255902
                                                 ],
                                                 [
                                                     34.788471221923899,
                                                     41.955417633056598
                                                 ],
                                                 [
                                                     34.788749694824297,
                                                     41.955417633056598
                                                 ],
                                                 [
                                                     34.788749694824297,
                                                     41.955696105957003
                                                 ],
                                                 [
                                                     34.789028167724702,
                                                     41.955696105957003
                                                 ],
                                                 [
                                                     34.789028167724702,
                                                     41.955970764160298
                                                 ],
                                                 [
                                                     34.790138244628899,
                                                     41.955970764160298
                                                 ],
                                                 [
                                                     34.790138244628899,
                                                     41.956249237060597
                                                 ],
                                                 [
                                                     34.790695190429602,
                                                     41.956249237060597
                                                 ],
                                                 [
                                                     34.790695190429602,
                                                     41.956527709961001
                                                 ],
                                                 [
                                                     34.791805267333999,
                                                     41.956527709961001
                                                 ],
                                                 [
                                                     34.791805267333999,
                                                     41.956249237060597
                                                 ],
                                                 [
                                                     34.7931938171387,
                                                     41.956249237060597
                                                 ],
                                                 [
                                                     34.7931938171387,
                                                     41.955970764160298
                                                 ],
                                                 [
                                                     34.793472290039098,
                                                     41.955970764160298
                                                 ],
                                                 [
                                                     34.793472290039098,
                                                     41.955696105957003
                                                 ],
                                                 [
                                                     34.794029235839901,
                                                     41.955696105957003
                                                 ],
                                                 [
                                                     34.794029235839901,
                                                     41.955417633056598
                                                 ],
                                                 [
                                                     34.794303894043097,
                                                     41.955417633056598
                                                 ],
                                                 [
                                                     34.794303894043097,
                                                     41.9551391601562
                                                 ],
                                                 [
                                                     34.795417785644602,
                                                     41.9551391601562
                                                 ],
                                                 [
                                                     34.795417785644602,
                                                     41.954860687255902
                                                 ],
                                                 [
                                                     34.797359466552798,
                                                     41.954860687255902
                                                 ],
                                                 [
                                                     34.797359466552798,
                                                     41.954582214355497
                                                 ],
                                                 [
                                                     34.798194885253899,
                                                     41.954582214355497
                                                 ],
                                                 [
                                                     34.798194885253899,
                                                     41.954860687255902
                                                 ],
                                                 [
                                                     34.798271179199297,
                                                     41.954860687255902
                                                 ],
                                                 [
                                                     34.800834655761697,
                                                     41.948200225830099
                                                 ],
                                                 [
                                                     34.786197662353601,
                                                     41.928504943847798
                                                 ],
                                                 [
                                                     34.783424377441499,
                                                     41.923877716064602
                                                 ],
                                                 [
                                                     34.7806396484375,
                                                     41.9144096374512
                                                 ],
                                                 [
                                                     34.779636383056697,
                                                     41.901111602783303
                                                 ],
                                                 [
                                                     34.779556274414098,
                                                     41.815895080566399
                                                 ],
                                                 [
                                                     34.7800064086913,
                                                     41.802425384521499
                                                 ],
                                                 [
                                                     34.780754089355597,
                                                     41.795829772949197
                                                 ],
                                                 [
                                                     34.782230377197301,
                                                     41.789440155029297
                                                 ],
                                                 [
                                                     34.784805297851598,
                                                     41.783538818359403
                                                 ],
                                                 [
                                                     34.791126251220803,
                                                     41.772499084472798
                                                 ],
                                                 [
                                                     34.793117523193402,
                                                     41.766330718994297
                                                 ],
                                                 [
                                                     34.794181823730497,
                                                     41.759887695312599
                                                 ],
                                                 [
                                                     34.794948577881001,
                                                     41.743259429931598
                                                 ],
                                                 [
                                                     34.794517517089801,
                                                     41.680080413818501
                                                 ]
                                             ]
                                         ]
                                     ]
                 }
}
